Period,7th March 2024 00:00 -> 21st May 2025 09:45,

Time,53 Perouse Rd,Addiscombe Rd,Auburn Rd & Mary St,Auburn Rd eastern footpath,Belmore Rd,Blaxcell St A,Blaxcell St B,Blaxcell St C,Bourke Street & Lachlan Street,"Civic Park, Pendle Hill",Coles St,Collins Street,Concord Rd East footpath,Concord Rd West footpath,Correys Ave,Doncaster Ave North of Todman Ave,Elizabeth St A,Elizabeth St B,Evaline St North side,Evaline St South side,Houston Rd and Day Ave,Kenneth Rd,Lidcombe town centre,Oliver St & Brighton St (East),Oliver St & Brighton St (West),Oliver Street (east footpath),Oliver Street (west footpath),Parramatta Rd footpath,Perouse Rd footpath,Rainbow street,St Pauls Street footpath,
Thu 7th Mar 2024,,,,,,,,,,,,,,,,,,,,,1173,,,,,,,,,,,
Fri 8th Mar 2024,,,,,,,,,,,,,,,,,,,,,423,,,,,,,,,,,
Sat 9th Mar 2024,,,,,,,,,,,,,,,,,,,,,314,,,,,,,,,,,
Sun 10th Mar 2024,,,,,,,,,,,,,,,,,,,,,285,,,,,,,,,,,
Mon 11th Mar 2024,,,,,,,,,,,,,,,,,,,,,434,,,,,,,,,,,
Tue 12th Mar 2024,,,,,,,,,,,,,,,,,,,,,454,,,,,,,,,,,
Wed 13th Mar 2024,,,,,,,,,,,,,,,,,,,,,423,,,,,,,,,,,
Thu 14th Mar 2024,,,,,,,,,,,,,,,,,,,,,458,,,,,,,,,,,
Fri 15th Mar 2024,,,,,3091,,,,,,,,,,,,,,,,,,,,,,,,,,,
Sat 16th Mar 2024,,,,,3561,,,,,,,,,,,,,,,,,,,,,,,,,,,
Sun 17th Mar 2024,,,,,2755,,,,,,,,,,,,,,,,,,,,,,,,,,,
Mon 18th Mar 2024,,,,,3800,,,,,,,,,,,,,,,,,,,,,,,,,,,
Tue 19th Mar 2024,,,,,851,,,,,,,,,,,,,,,,,,,,,,,,,,,
Wed 20th Mar 2024,,,,,323,,,,,,,,,,,,,,,,,,,,,,,,,,,
Thu 21st Mar 2024,,,,,1999,,,,,,,,,,,,,,,,,,,,,,,,,,,
Fri 22nd Mar 2024,,,,,3496,,,,,,,,,,,,,,,,,,,,,,,,,,,
Sat 23rd Mar 2024,,,,,3806,,,,,,,,,,,,,,,,,,,,,,,,,,,
Sun 24th Mar 2024,,,,,3439,,,,,,,,,,,,,,,,,,,,,,,,,,,
Mon 25th Mar 2024,,,,,4136,,,,,,,,,,,,,,,,,,,,,,,,,,,
Tue 26th Mar 2024,,,,,3783,,,,,,,,,,,,,,,,,,,,,,,,,,,
Wed 27th Mar 2024,,,,,630,,,,,,,,,,,,,,,,,,,,,,,,,,,
Thu 28th Mar 2024,,,,,,,,,,,,,,,,659,,,,,,,,,,,,,,,,
Fri 29th Mar 2024,,,,,,,,,,,,,,,,747,,,,,,,,,,,,,,,,
Sat 30th Mar 2024,,,,,,,,,,,,,,,,664,,,,,,,,,,,,,,,,
Sun 31st Mar 2024,,,,,,,,,,,,,,,,1050,,,,,,,,,,,,,,,,
Mon 1st Apr 2024,,,,,,,,,,,,,,,,778,,,,,,,,,,,,,,,,
Tue 2nd Apr 2024,,,,,,,,,,,,,,,,927,,,,,,,,,,,,,,,,
Wed 3rd Apr 2024,,,,,,,,,,,,,,,,1161,,,,,,,,,,,,,,,,
Thu 4th Apr 2024,,,,,,,,,,,,,,,,769,,,,,,,,,,,,,,,,
Fri 5th Apr 2024,,,,,,,,,,,,,,,,185,,,,,,,,,,,,,,,,
Sat 6th Apr 2024,,,,,,,,,,,,,,,,1310,,,,,,,,,,,,,,,,
Sun 7th Apr 2024,,,,,,,,,,,,,,,,1003,,,,,,,,,,,,,,,,
Mon 8th Apr 2024,,,,,,,,,,,,,,,,1099,,,,,,,,,,,,,,,,
Tue 9th Apr 2024,,,,,,,,,,,,,,,,420,,,,,,,,,,,,,,,,
Wed 10th Apr 2024,,,,,,,,,490,,,,,,,,,,,,,,,,,,,,,,,
Thu 11th Apr 2024,,,,,,,,,1246,,,,,,,,,,,,,,,,,,,,,,,
Fri 12th Apr 2024,,,,,,,,,1234,,,,,,,,,,,,,,,,,,,,,,,
Sat 13th Apr 2024,,,,,,,,,1265,,,,,,,,,,,,,,,,,,,,,,,
Sun 14th Apr 2024,,,,,,,,,1019,,,,,,,,,,,,,,,,,,,,,,,
Mon 15th Apr 2024,,,,,,,,,1339,,,,,,,,,,,,,,,,,,,,,,,
Tue 16th Apr 2024,,,,,,,,,1306,,,,,,,,,,,,,,,,,,,,,,,
Wed 17th Apr 2024,,,,,,,,,1227,,,,,,,,,,,,,,,,,,,,,,,
Thu 18th Apr 2024,,,,,,,,,1067,,,,,,,,,,,,,,,,,,,,,,,
Fri 19th Apr 2024,,,,,,,,,1115,,,,,,,,,,,,,,,,,,,,,,,
Sat 20th Apr 2024,,,,,,,,,93,,,232,,,,,,,,,,,,,,,,,,,,
Sun 21st Apr 2024,,,,,,,,,,,,337,,,,,,,,,,,,,,,,,,,,
Mon 22nd Apr 2024,,,,,,,,,,,,461,,,,,,,,,,,,,,,,,,,,
Tue 23rd Apr 2024,,,,,,,,,,,,520,,,,,,,,,,,,,,,,,,,,
Wed 24th Apr 2024,,,,,,,,,,,,509,,,,,,,,,,,,,,,,,,,,
Thu 25th Apr 2024,,,,,,,,,,,,266,,,,,,,,,,,,,,,,,,,,
Fri 26th Apr 2024,,,,,,,,,,,,470,,,,,,,,,,,,,,,,,,,,
Sat 27th Apr 2024,,,,,,,,,,,,391,,,,,,,,,,,,,,,,,,,,
Sun 28th Apr 2024,,,,,,,,,,,,338,,,,,,,,,,,,,,,,,,,,
Mon 29th Apr 2024,,,,,,,,,,,,165,,,,,,,,,,,,,,,,,,211,,
Tue 30th Apr 2024,,,,,,,,,,,,,,,,,,,,,,,,,,,,,,425,,
Wed 1st May 2024,,,,,,,,,,,,,,,,,,,,,,,,,,,,,,425,,
Thu 2nd May 2024,,,,,,,,,,,,,,,,,,,,,,,,,,,,,,539,,
Fri 3rd May 2024,,,,,,,,,,,,,,,,,,,,,,,,,,,,,,338,,
Sat 4th May 2024,,,,,,,,,,,,,,,,,,,,,,,,,,,,,,280,,
Sun 5th May 2024,,,,,,,,,,,,,,,,,,,,,,,,,,,,,,153,,
Mon 6th May 2024,,,,,,,,,,,,,,,34,,,,,,,,,,,,,,,220,,
Tue 7th May 2024,,,,,,,,,,,,,,,196,,,,,,,,,,,,,,,,,
Wed 8th May 2024,,,,,,,,,,,,,,,160,,,,,,,,,,,,,,,,,
Thu 9th May 2024,,,,,,,,,,,,,,,182,,,,,,,,,,,,,,,,,
Fri 10th May 2024,,,,,,,,,,,,,,,185,,,,,,,,,,,,,,,,,
Sat 11th May 2024,,,,,,,,,,,,,,,67,,,,,,,,,,,,,,,,,
Sun 12th May 2024,,,,,,,,,,,,,,,78,,,,,,,,,,,,,,,,,
Mon 13th May 2024,,,,,,,,,,,,,,,111,,,,,,,,,,,,,,,,,
Tue 14th May 2024,,,,,,,,,,,,,737,115,,,,,,,,,,,,,,,,,,
Wed 15th May 2024,,,,,,,,,,,,,952,210,,,,,,,,,,,,,,,,,,
Thu 16th May 2024,,,,,,,,,,,,,1145,208,,,,,,,,,,,,,,,,,,
Fri 17th May 2024,,,,,,,,,,,,,1121,161,,,,,,,,,,,,,,,,,,
Sat 18th May 2024,,,,,,,,,,,,,1044,111,,,,,,,,,,,,,,,,,,
Sun 19th May 2024,,,,,,,,,,,,,991,131,,,,,,,,,,,,,,,,,,
Mon 20th May 2024,,,,,,,,,,,,,244,121,,,,,709,1535,,,,,,,,,,,,
Tue 21st May 2024,,,,,,,,,,,,,,,,,,,1006,1881,,,,,,,,,,,,
Wed 22nd May 2024,,,,,,,,,,,,,,,,,,,1252,2146,,,,,,,,,,,,
Thu 23rd May 2024,,,,,,,,,,,,,,,,,,,978,2284,,,,,,,,,,,,
Fri 24th May 2024,,,,,,,,,,,,,,,,,,,1240,1994,,,,,,,,,,,,
Sat 25th May 2024,,,,,,,,,,,,,,,,,,,765,2019,,,,,,,,,,,,
Sun 26th May 2024,,,,,,,,,,,,,,,,,,,770,2366,,,,,,,,,,,,
Mon 27th May 2024,,,,,,,,,,,9,,,,,,,,162,128,,,,,,,,12203,,,,
Tue 28th May 2024,,,,,,,,,,,32,,,,,,,,,,,,,,,,,1659,,,,
Wed 29th May 2024,,,,,,,,,,,32,,,,,,,,,,,,,,,,,299,,,,
Thu 30th May 2024,,,,,,,,,,,36,,,,,,,,,,,,,,,,,257,,,,
Fri 31st May 2024,,,,,,,,,,,26,,,,,,,,,,,,,,,,,289,,,,
Sat 1st Jun 2024,,,,,,,,,,,8,,,,,,,,,,,,,,,,,181,,,,
Sun 2nd Jun 2024,,,,,,,,,,,23,,,,,,,,,,,,,,,,,259,,,,
Mon 3rd Jun 2024,,,,,,,,,,,24,,,,,,,,,,,,,,,,,398,,,,
Tue 4th Jun 2024,,,4930,2994,,,,,,,21,,,,,,,,,,,,,,,,,133,,,,
Wed 5th Jun 2024,,,5699,3562,,,,,,,,,,,,,,,,,,,,,,,,,,,,
Thu 6th Jun 2024,,,4783,3252,,,,,,,,,,,,,,,,,,,,,,,,,,,,
Fri 7th Jun 2024,,,5550,4250,,,,,,,,,,,,,,,,,,,,,,,,,,,,
Sat 8th Jun 2024,,,4939,4532,,,,,,,,,,,,,,,,,,,,,,,,,,,,
Sun 9th Jun 2024,,,5162,4182,,,,,,,,,,,,,,,,,,,,,,,,,,,,
Mon 10th Jun 2024,,,4353,3905,,,,,,,,,,,,,,,,,,,,,,,,,,,,
Tue 11th Jun 2024,,,428,301,,,,,,,,,,,,,,,,,,,,,,,,,,,,
Wed 12th Jun 2024,,,,,,,,,,,,,,,,,,,,,,,,,,,,,,,,
Thu 13th Jun 2024,,,,,,,,,,,,,,,,,,,,,,,,,,,,,,,,
Fri 14th Jun 2024,,,,,,,,,,,,,,,,,,,,,,,,,,,,,,,,
Sat 15th Jun 2024,,,,,,,,,,,,,,,,,,,,,,,,,,,,,,,,
Sun 16th Jun 2024,,,,,,,,,,,,,,,,,,,,,,,,,,147,117,,,,,
Mon 17th Jun 2024,,,,,,,,,,,,,,,,,,,,,,,,,,471,255,,,,,
Tue 18th Jun 2024,,,,,,,,,,,,,,,,,,,,,,,,,,620,399,,,,,
Wed 19th Jun 2024,,,,,,,,,,,,,,,,,,,,,,,,,,536,317,,,,,
Thu 20th Jun 2024,,,,,,,,,,,,,,,,,,,,,,,,,,550,343,,,,,
Fri 21st Jun 2024,,,,,,,,,,,,,,,,,,,,,,,,,,3965,359,,,,,
Sat 22nd Jun 2024,,,,,,,,,,,,,,,,,,,,,,,,,,520,121,,,,,
Sun 23rd Jun 2024,,,,,,,,,,,,,,,,,,,,,,,,,,332,256,,,,,
Mon 24th Jun 2024,,,,,,,,,,,,,,,,,,,,,,,,,,607,399,,,,,
Tue 25th Jun 2024,,,,,,,,,,,,,,,,,,,,,,,,,,567,453,,,,,
Wed 26th Jun 2024,,,,,,,,,,,,,,,,,,,,,,,,,,613,318,,,,,
Thu 27th Jun 2024,,,,,,,,,,,,,,,,,,,,,,,,,,565,435,,,,,
Fri 28th Jun 2024,,,,,,,,,,,,,,,,,,,,,,,,,,639,538,,,,,
Sat 29th Jun 2024,,,,,,,,,,,,,,,,,,,,,,,,,,783,498,,,,,
Sun 30th Jun 2024,,,,,,,,,,,,,,,,,,,,,,,,,,282,261,,,,,
Mon 1st Jul 2024,,,,,,,,,,,,,,,,,,,,,,,,,,509,346,,,,,
Tue 2nd Jul 2024,,,,,,,,,,,,,,,,,,,,,,,,,,384,354,,,,,
Wed 3rd Jul 2024,,,,,,,,,,,,,,,,,,,,,,,,,,412,285,,,,,
Thu 4th Jul 2024,,,,,,,,,,,,,,,,,,,,,,,,,,516,443,,,,,
Fri 5th Jul 2024,,,,,,,,,,,,,,,,,,,,,,,,,,478,563,,,,,
Sat 6th Jul 2024,,,,,,,,,,,,,,,,,,,,,,,,,,388,374,,,,,
Sun 7th Jul 2024,,,,,,,,,,,,,,,,,,,,,,,,,,331,369,,,,,
Mon 8th Jul 2024,,,,,,,,,,,,,,,,,,,,,,,,,,336,324,,,,,
Tue 9th Jul 2024,,,,,,,,,,,,,,,,,,,,,,,,,,338,384,,,,,
Wed 10th Jul 2024,,,,,,,,,,,,,,,,,,,,,,,,,,429,321,,,,,
Thu 11th Jul 2024,,,,,,,,,,,,,,,,,,,,,,,,,,352,362,,,,,
Fri 12th Jul 2024,,,,,,,,,,,,,,,,,,,,,,,,,,360,364,,,,,
Sat 13th Jul 2024,,,,,,,,,,,,,,,,,,,,,,,,,,607,449,,,,,
Sun 14th Jul 2024,,,,,,,,,,,,,,,,,,,,,,,,,,381,387,,,,,
Mon 15th Jul 2024,,,,,,,,,,,,,,,,,,,,,,,,115,113,120,113,,,,,
Tue 16th Jul 2024,,,,,,,,,,,,,,,,,,,,,,,,176,193,,,,,,,
Wed 17th Jul 2024,,,,,,,,,,,,,,,,,,,,,,,,209,238,,,,,,,
Thu 18th Jul 2024,,,,,,,,,,,,,,,,,,,,,,,,240,239,,,,,,,
Fri 19th Jul 2024,,,,,,,,,,,,,,,,,,,,,,,,249,223,,,,,,,
Sat 20th Jul 2024,,,,,,,,,,,,,,,,,,,,,,,,218,260,,,,,,,
Sun 21st Jul 2024,,,,,,,,,,,,,,,,,,,,,,,,280,267,,,,,,,
Mon 22nd Jul 2024,,,,,,,,,,,,,,,,,,,,,,,,233,290,,,,,,,
Tue 23rd Jul 2024,,,,,,,,,,,,,,,,,,,,,,,,345,295,,,,,,,
Wed 24th Jul 2024,,,,,,,,,,,,,,,,,,,,,,,,304,265,,,,,,,
Thu 25th Jul 2024,,,,,,,,,,,,,,,,,,,,,,,,246,290,,,,,,,
Fri 26th Jul 2024,,,,,,,,,,,,,,,,,,,,,,,,345,282,,,,,,,
Sat 27th Jul 2024,,,,,,,,,,,,,,,,,,,,,,,,168,228,,,,,,,
Sun 28th Jul 2024,,,,,,,,,,,,,,,,,,,,,,,,145,286,,,,,,,
Mon 29th Jul 2024,,,,,,,,,,,,,,,,,,,,,,,,179,197,,,,,,,
Tue 30th Jul 2024,,,,,,,,,,,,,,,,,,,,,,,,152,229,,,,,,,
Wed 31st Jul 2024,,,,,,,,,,,,,,,,,,,,,,,,247,224,,,,,,,
Thu 1st Aug 2024,,,,,,,,,,,,,,,,,,,,,,,,137,167,,,,,,,
Fri 2nd Aug 2024,,,,,,,,,,,,,,,,,,,,,,,,187,243,,,,,,,
Sat 3rd Aug 2024,,,,,,,,,,,,,,,,,,,,,,,,275,326,,,,,,,
Sun 4th Aug 2024,,,,,,,,,,,,,,,,,,,,,,,,188,297,,,,,,,
Mon 5th Aug 2024,,,,,,,,,,,,,,,,,,,,,,,,190,247,,,,,,,
Tue 6th Aug 2024,,,,,,,,,,,,,,,,,,,,,,,,229,272,,,,,,,
Wed 7th Aug 2024,,,,,,,,,,,,,,,,,,,,,,,,263,225,,,,,,,
Thu 8th Aug 2024,,,,,,,,,,,,,,,,,,,,,,,,263,272,,,,,,,
Fri 9th Aug 2024,,,,,,,,,,,,,,,,,,,,,,,,699,267,,,,,,,
Sat 10th Aug 2024,,,,,,,,,,,,,,,,,,,,,,,,715,297,,,,,,,
Sun 11th Aug 2024,,,,,,,,,,,,,,,,,,,,,,,,471,285,,,,,,,
Mon 12th Aug 2024,,,,,,,,,,,,,,,,,,,,,,,,466,238,,,,,,,
Tue 13th Aug 2024,,,,,,,,,,,,,,,,,,,,,,,,440,245,,,,,,,
Wed 14th Aug 2024,,,,,,,,,,,,,,,,,,,,,,,,393,148,,,,,,,
Thu 15th Aug 2024,,,,,,,,,,,,,,,,,,,,,,,,406,203,,,,,,,
Fri 16th Aug 2024,,166,,,,,,,,,,,,,,,,,,,,510,,169,101,,,,,,,
Sat 17th Aug 2024,,583,,,,,,,,,,,,,,,,,,,,1660,,,,,,,,,,
Sun 18th Aug 2024,,406,,,,,,,,,,,,,,,,,,,,1391,,,,,,,,,,
Mon 19th Aug 2024,,471,,,,,,,,,,,,,,,,,,,,1677,,,,,,,,,,
Tue 20th Aug 2024,,504,,,,,,,,,,,,,,,,,,,,1550,,,,,,,,,,
Wed 21st Aug 2024,,483,,,,,,,,,,,,,,,,,,,,1720,,,,,,,,,,
Thu 22nd Aug 2024,,392,,,,,,,,,,,,,,,,,,,,1043,,,,,,,,,,
Fri 23rd Aug 2024,,542,,,,,,,,,,,,,,,,,,,,1579,,,,,,,,,,
Sat 24th Aug 2024,,483,,,,,,,,,,,,,,,,,,,,1512,,,,,,,,,,
Sun 25th Aug 2024,,545,,,,,,,,,,,,,,,,,,,,1540,,,,,,,,,,
Mon 26th Aug 2024,,599,,,,,,,,,,,,,,,,,,,,1808,,,,,,,,,,
Tue 27th Aug 2024,,541,,,,,,,,,,,,,,,,,,,,1634,,,,,,,,,,
Wed 28th Aug 2024,,457,,,,,,,,,,,,,,,,,,,,1605,,,,,,,,,,
Thu 29th Aug 2024,,525,,,,,,,,,,,,,,,,,,,,1479,,,,,,,,,,
Fri 30th Aug 2024,,493,,,,,,,,,,,,,,,,,,,,1521,,,,,,,,,,
Sat 31st Aug 2024,,570,,,,,,,,,,,,,,,,,,,,1744,,,,,,,,,,
Sun 1st Sep 2024,,569,,,,,,,,,,,,,,,,,,,,1575,,,,,,,,,,
Mon 2nd Sep 2024,,465,,,,,,,,,,,,,,,,,,,,1739,,,,,,,,,,
Tue 3rd Sep 2024,,474,,,,,,,,,,,,,,,,,,,,1532,,,,,,,,,,
Wed 4th Sep 2024,,477,,,,,,,,,,,,,,,,,,,,1618,,,,,,,,,,
Thu 5th Sep 2024,,508,,,,,,,,,,,,,,,,,,,,1476,,,,,,,,,,
Fri 6th Sep 2024,,543,,,,,,,,,,,,,,,,,,,,1742,,,,,,,,,,
Sat 7th Sep 2024,,614,,,,,,,,,,,,,,,,,,,,1586,,,,,,,,,,
Sun 8th Sep 2024,,463,,,,,,,,,,,,,,,,,,,,1319,,,,,,,,,,
Mon 9th Sep 2024,,530,,,,,,,,,,,,,,,,,,,,1658,,,,,,,,,,
Tue 10th Sep 2024,,690,,,,,,,,,,,,,,,,,,,,1746,,,,,,,,,,
Wed 11th Sep 2024,,462,,,,,,,,,,,,,,,,,,,,1772,,,,,,,,,,
Thu 12th Sep 2024,,380,,,,,,,,,,,,,,,,,,,,1346,,,,,,,,,,
Fri 13th Sep 2024,,215,,,,,,,,,,,,,,,,,,,,673,,,,,,,,,,
Sat 14th Sep 2024,,,,,,,,,,,,,,,,,,,,,,,,,,,,,,,,
Sun 15th Sep 2024,,,,,,,,,,,,,,,,,,,,,,,,,,,,,,,,
Mon 16th Sep 2024,,,,,,,,,,,,,,,,,,,,,,,,,,,,,,,,
Tue 17th Sep 2024,,,,,,,,,,,,,,,,,,,,,,,,,,,,,,,,
Wed 18th Sep 2024,,,,,,,,,,,,,,,,,,,,,,,,,,,,,2490,,261,
Thu 19th Sep 2024,,,,,,,,,,,,,,,,,,,,,,,,,,,,,5227,,2781,
Fri 20th Sep 2024,,,,,,,,,,,,,,,,,,,,,,,,,,,,,4317,,2063,
Sat 21st Sep 2024,,,,,,,,,,,,,,,,,,,,,,,,,,,,,3802,,1748,
Sun 22nd Sep 2024,,,,,,,,,,,,,,,,,,,,,,,,,,,,,3288,,1825,
Mon 23rd Sep 2024,,,,,,,,,,,,,,,,,,,,,,,,,,,,,3289,,1735,
Tue 24th Sep 2024,,,,,,,,,,,,,,,,,,,,,,,,,,,,,3771,,1699,
Wed 25th Sep 2024,,,,,,,,,,,,,,,,,,,,,,,,,,,,,3733,,787,
Thu 26th Sep 2024,,,,,,,,,,,,,,,,,,,,,,,,,,,,,2724,,1767,
Fri 27th Sep 2024,,,,,,,,,,,,,,,,,,,,,,,,,,,,,4206,,810,
Sat 28th Sep 2024,,,,,,,,,,,,,,,,,,,,,,,,,,,,,3886,,859,
Sun 29th Sep 2024,,,,,,,,,,,,,,,,,,,,,,,,,,,,,3430,,2267,
Mon 30th Sep 2024,,,,,,,,,,,,,,,,,,,,,,,,,,,,,3124,,1172,
Tue 1st Oct 2024,,,,,,,,,,,,,,,,,,,,,,,,,,,,,3689,,3243,
Wed 2nd Oct 2024,,,,,,,,,,,,,,,,,,,,,,,,,,,,,3304,,2452,
Thu 3rd Oct 2024,,,,,,,,,,,,,,,,,,,,,,,,,,,,,2961,,3445,
Fri 4th Oct 2024,,,,,,,,,,,,,,,,,,,,,,,,,,,,,3990,,3907,
Sat 5th Oct 2024,,,,,,,,,,,,,,,,,,,,,,,,,,,,,3396,,4242,
Sun 6th Oct 2024,,,,,,,,,,,,,,,,,,,,,,,,,,,,,2806,,3434,
Mon 7th Oct 2024,,,,,,,,,,,,,,,,,,,,,,,,,,,,,2765,,1713,
Tue 8th Oct 2024,,,,,,,,,,,,,,,,,,,,,,,,,,,,,2385,,3368,
Wed 9th Oct 2024,,,,,,,,,,,,,,,,,,,,,,,,,,,,,1985,,3227,
Thu 10th Oct 2024,,,,,,,,,,,,,,,,,,,,,,,,,,,,,2354,,3328,
Fri 11th Oct 2024,1122,,,,,,,,,,,,,,,,,,,,,,,,,,,,3645,,143,
Sat 12th Oct 2024,1323,,,,,,,,,,,,,,,,,,,,,,,,,,,,3807,,,
Sun 13th Oct 2024,1109,,,,,,,,,,,,,,,,,,,,,,,,,,,,3360,,,
Mon 14th Oct 2024,940,,,,,,,,,,,,,,,,,,,,,,,,,,,,2727,,,
Tue 15th Oct 2024,1238,,,,,,,,,,,,,,,,,,,,,,,,,,,,3803,,,
Wed 16th Oct 2024,1348,,,,,,,,,,,,,,,,,,,,,,,,,,,,3596,,,
Thu 17th Oct 2024,1838,,,,,,,,,,,,,,,,,,,,,,,,,,,,2879,,,
Fri 18th Oct 2024,1344,,,,,,,,,,,,,,,,,,,,,,,,,,,,4171,,,
Sat 19th Oct 2024,1313,,,,,,,,,,,,,,,,,,,,,,,,,,,,,,,
Sun 20th Oct 2024,1100,,,,,,,,,,,,,,,,,,,,,,,,,,,,,,,
Mon 21st Oct 2024,1070,,,,,,,,,,,,,,,,,,,,,,,,,,,,,,,
Tue 22nd Oct 2024,1429,,,,,,,,,,,,,,,,,,,,,,,,,,,,,,,
Wed 23rd Oct 2024,1418,,,,,,,,,,,,,,,,,,,,,,,,,,,,,,,
Thu 24th Oct 2024,1776,,,,,,,,,,,,,,,,,,,,,,,,,,,,,,,
Fri 25th Oct 2024,1575,,,,,,,,,,,,,,,,,,,,,,,,,,,,,,,
Sat 26th Oct 2024,1368,,,,,,,,,,,,,,,,,,,,,,,,,,,,,,,
Sun 27th Oct 2024,1109,,,,,,,,,,,,,,,,,,,,,,,,,,,,,,,
Mon 28th Oct 2024,1210,,,,,,,,,,,,,,,,,,,,,,,,,,,,,,,
Tue 29th Oct 2024,1300,,,,,,,,,,,,,,,,,,,,,,,,,,,,,,,
Wed 30th Oct 2024,1480,,,,,,,,,,,,,,,,,,,,,,,,,,,,,,,
Thu 31st Oct 2024,2014,,,,,,,,,,,,,,,,,,,,,,,,,,,,,,,
Fri 1st Nov 2024,1521,,,,,,,,,,,,,,,,,,,,,,,,,,,,,,,
Sat 2nd Nov 2024,1350,,,,,,,,,,,,,,,,,,,,,,,,,,,,,,,
Sun 3rd Nov 2024,1245,,,,,,,,,,,,,,,,,,,,,,,,,,,,,,,
Mon 4th Nov 2024,1150,,,,,,,,,,,,,,,,,,,,,,,,,,,,,,,
Tue 5th Nov 2024,1281,,,,,,,,,,,,,,,,,,,,,,,,,,,,,,,
Wed 6th Nov 2024,1336,,,,,,,,,,,,,,,,,,,,,,,,,,,,,,,
Thu 7th Nov 2024,1257,,,,,,,,,,,,,,,,,,,,,,,,,,,,,,,
Fri 8th Nov 2024,1582,,,,,,,,,,,,,,,,,,,,,,,,,,,,,,,
Sat 9th Nov 2024,1458,,,,,,,,,,,,,,,,,,,,,,,,,,,,,,,
Sun 10th Nov 2024,1114,,,,,,,,,,,,,,,,,,,,,,,,,,,,,,,
Mon 11th Nov 2024,1247,,,,,,,,,,,,,,,,,,,,,,,,,,,,,,,
Tue 12th Nov 2024,1317,,,,,,,,,,,,,,,,,,,,,,,,,,,,,,,
Wed 13th Nov 2024,341,,,,,,,,,,,,,,,,,,,,,,,,,,,,,,,
Thu 14th Nov 2024,0,,,,,,,,,,,,,,,,,,,,,,,,,,,,,,,
Fri 15th Nov 2024,,,,,,,,,,,,,,,,,,,,,,,,,,,,,,,,
Sat 16th Nov 2024,,,,,,,,,,,,,,,,,,,,,,,,,,,,,,,,
Sun 17th Nov 2024,,,,,,,,,,,,,,,,,,,,,,,,,,,,,,,,
Mon 18th Nov 2024,,,,,,,,,,,,,,,,,,,,,,,,,,,,,,,,
Tue 19th Nov 2024,,,,,,,,,,,,,,,,,,,,,,,,,,,,,,,,
Wed 20th Nov 2024,,,,,,,,,,,,,,,,,,,,,,,,,,,,,,,,
Thu 21st Nov 2024,,,,,,,,,,,,,,,,,,,,,,,,,,,,,,,,
Fri 22nd Nov 2024,,,,,,,,,,,,,,,,,,,,,,,,,,,,,,,,
Sat 23rd Nov 2024,,,,,,,,,,,,,,,,,,,,,,,,,,,,,,,,
Sun 24th Nov 2024,,,,,,,,,,,,,,,,,,,,,,,,,,,,,,,,
Mon 25th Nov 2024,,,,,,,,,,,,,,,,,,,,,,,,,,,,,,,,
Tue 26th Nov 2024,,,,,,,,,,,,,,,,,,,,,,,,,,,,,,,,
Wed 27th Nov 2024,,,,,,,,,,,,,,,,,,,,,,,,,,,,,,,,
Thu 28th Nov 2024,,,,,,,,,,,,,,,,,,,,,,,,,,,,,,,,
Fri 29th Nov 2024,,,,,,,,,,,,,,,,,,,,,,,5174,,,,,,,,,
Sat 30th Nov 2024,,,,,,,,,,,,,,,,,,,,,,,6993,,,,,,,,,
Sun 1st Dec 2024,,,,,,,,,,,,,,,,,,,,,,,5949,,,,,,,,,
Mon 2nd Dec 2024,,,,,,,,,,,,,,,,,,,,,,,2923,,,,,,,,,
Tue 3rd Dec 2024,,,,,,,,,,,,,,,,,,,,,,,6351,,,,,,,,,
Wed 4th Dec 2024,,,,,,,,,,,,,,,,,,,,,,,6291,,,,,,,,,
Thu 5th Dec 2024,,,,,,,,,,,,,,,,,,,,,,,6136,,,,,,,,,
Fri 6th Dec 2024,,,,,,,,,,,,,,,,,,,,,,,7159,,,,,,,,,
Sat 7th Dec 2024,,,,,,,,,,,,,,,,,,,,,,,996,,,,,,,,,
Sun 8th Dec 2024,,,,,,,,,,,,,,,,,,,,,,,,,,,,,,,,
Mon 9th Dec 2024,,,,,,,,,,,,,,,,,,,,,,,,,,,,,,,,
Tue 10th Dec 2024,,,,,,,,,,99,,,,,,,,,,,,,,,,,,,,,,
Wed 11th Dec 2024,,,,,,,,,,316,,,,,,,,,,,,,,,,,,,,,,
Thu 12th Dec 2024,,,,,,,,,,215,,,,,,,,,,,,,,,,,,,,,,
Fri 13th Dec 2024,,,,,,,,,,262,,,,,,,,,,,,,,,,,,,,,,
Sat 14th Dec 2024,,,,,,,,,,235,,,,,,,,,,,,,,,,,,,,,,
Sun 15th Dec 2024,,,,,,,,,,284,,,,,,,,,,,,,,,,,,,,,,
Mon 16th Dec 2024,,,,,,,,,,251,,,,,,,,,,,,,,,,,,,,,,
Tue 17th Dec 2024,,,,,,,,,,189,,,,,,,,,,,,,,,,,,,,,,
Wed 18th Dec 2024,,,,,,,,,,239,,,,,,,,,,,,,,,,,,,,,,
Thu 19th Dec 2024,,,,,,,,,,377,,,,,,,,,,,,,,,,,,,,,,
Fri 20th Dec 2024,,,,,,,,,,,,,,,,,,,,,,,,,,,,,,,,
Sat 21st Dec 2024,,,,,,,,,,,,,,,,,,,,,,,,,,,,,,,,
Sun 22nd Dec 2024,,,,,,,,,,,,,,,,,,,,,,,,,,,,,,,,
Mon 23rd Dec 2024,,,,,,,,,,,,,,,,,,,,,,,,,,,,,,,,
Tue 24th Dec 2024,,,,,,,,,,,,,,,,,,,,,,,,,,,,,,,,
Wed 25th Dec 2024,,,,,,,,,,,,,,,,,,,,,,,,,,,,,,,,
Thu 26th Dec 2024,,,,,,,,,,,,,,,,,,,,,,,,,,,,,,,,
Fri 27th Dec 2024,,,,,,,,,,,,,,,,,,,,,,,,,,,,,,,,
Sat 28th Dec 2024,,,,,,,,,,,,,,,,,,,,,,,,,,,,,,,,
Sun 29th Dec 2024,,,,,,,,,,,,,,,,,,,,,,,,,,,,,,,,
Mon 30th Dec 2024,,,,,,,,,,,,,,,,,,,,,,,,,,,,,,,,
Tue 31st Dec 2024,,,,,,,,,,,,,,,,,,,,,,,,,,,,,,,,
Wed 1st Jan 2025,,,,,,,,,,,,,,,,,,,,,,,,,,,,,,,,
Thu 2nd Jan 2025,,,,,,,,,,,,,,,,,,,,,,,,,,,,,,,,
Fri 3rd Jan 2025,,,,,,,,,,,,,,,,,,,,,,,,,,,,,,,,
Sat 4th Jan 2025,,,,,,,,,,,,,,,,,,,,,,,,,,,,,,,,
Sun 5th Jan 2025,,,,,,,,,,,,,,,,,,,,,,,,,,,,,,,,
Mon 6th Jan 2025,,,,,,,,,,,,,,,,,,,,,,,,,,,,,,,,
Tue 7th Jan 2025,,,,,,,,,,,,,,,,,,,,,,,,,,,,,,,,
Wed 8th Jan 2025,,,,,,,,,,,,,,,,,,,,,,,,,,,,,,,,
Thu 9th Jan 2025,,,,,,,,,,,,,,,,,,,,,,,,,,,,,,,,
Fri 10th Jan 2025,,,,,,,,,,,,,,,,,,,,,,,,,,,,,,,,
Sat 11th Jan 2025,,,,,,,,,,,,,,,,,,,,,,,,,,,,,,,,
Sun 12th Jan 2025,,,,,,,,,,,,,,,,,,,,,,,,,,,,,,,,
Mon 13th Jan 2025,,,,,,,,,,,,,,,,,,,,,,,,,,,,,,,,
Tue 14th Jan 2025,,,,,,,,,,,,,,,,,,,,,,,,,,,,,,,,
Wed 15th Jan 2025,,,,,,,,,,,,,,,,,,,,,,,,,,,,,,,,
Thu 16th Jan 2025,,,,,,,,,,,,,,,,,,,,,,,,,,,,,,,,
Fri 17th Jan 2025,,,,,,,,,,,,,,,,,,,,,,,,,,,,,,,,
Sat 18th Jan 2025,,,,,,,,,,,,,,,,,,,,,,,,,,,,,,,,
Sun 19th Jan 2025,,,,,,,,,,,,,,,,,,,,,,,,,,,,,,,,
Mon 20th Jan 2025,,,,,,,,,,,,,,,,,,,,,,,,,,,,,,,,
Tue 21st Jan 2025,,,,,,,,,,,,,,,,,,,,,,,,,,,,,,,,
Wed 22nd Jan 2025,,,,,,,,,,,,,,,,,,,,,,,,,,,,,,,,
Thu 23rd Jan 2025,,,,,,,,,,,,,,,,,,,,,,,,,,,,,,,,
Fri 24th Jan 2025,,,,,,,,,,,,,,,,,,,,,,,,,,,,,,,,
Sat 25th Jan 2025,,,,,,,,,,,,,,,,,,,,,,,,,,,,,,,,
Sun 26th Jan 2025,,,,,,,,,,,,,,,,,,,,,,,,,,,,,,,,
Mon 27th Jan 2025,,,,,,,,,,,,,,,,,,,,,,,,,,,,,,,,
Tue 28th Jan 2025,,,,,,,,,,,,,,,,,,,,,,,,,,,,,,,,
Wed 29th Jan 2025,,,,,,,,,,,,,,,,,,,,,,,,,,,,,,,,
Thu 30th Jan 2025,,,,,,,,,,,,,,,,,,,,,,,,,,,,,,,,
Fri 31st Jan 2025,,,,,,,,,,,,,,,,,,,,,,,,,,,,,,,,
Sat 1st Feb 2025,,,,,,,,,,,,,,,,,,,,,,,,,,,,,,,,
Sun 2nd Feb 2025,,,,,,,,,,,,,,,,,,,,,,,,,,,,,,,,
Mon 3rd Feb 2025,,,,,,,,,,,,,,,,,,,,,,,,,,,,,,,,
Tue 4th Feb 2025,,,,,,,,,,,,,,,,,,,,,,,,,,,,,,,,
Wed 5th Feb 2025,,,,,,,,,,,,,,,,,,,,,,,,,,,,,,,,
Thu 6th Feb 2025,,,,,,,,,,,,,,,,,,,,,,,,,,,,,,,,
Fri 7th Feb 2025,,,,,,,,,,,,,,,,,,,,,,,,,,,,,,,,
Sat 8th Feb 2025,,,,,,,,,,,,,,,,,,,,,,,,,,,,,,,,
Sun 9th Feb 2025,,,,,,,,,,,,,,,,,,,,,,,,,,,,,,,,
Mon 10th Feb 2025,,,,,,,,,,,,,,,,,,,,,,,,,,,,,,,,
Tue 11th Feb 2025,,,,,,,,,,,,,,,,,,,,,,,,,,,,,,,,
Wed 12th Feb 2025,,,,,,,,,,,,,,,,,,,,,,,,,,,,,,,,
Thu 13th Feb 2025,,,,,,,,,,,,,,,,,,,,,,,,,,,,,,,,
Fri 14th Feb 2025,,,,,,,,,,,,,,,,,,,,,,,,,,,,,,,,
Sat 15th Feb 2025,,,,,,,,,,,,,,,,,,,,,,,,,,,,,,,,
Sun 16th Feb 2025,,,,,,,,,,,,,,,,,,,,,,,,,,,,,,,,
Mon 17th Feb 2025,,,,,,,,,,,,,,,,,,,,,,,,,,,,,,,,
Tue 18th Feb 2025,,,,,,,,,,,,,,,,,,,,,,,,,,,,,,,,
Wed 19th Feb 2025,,,,,,,,,,,,,,,,,,,,,,,,,,,,,,,,
Thu 20th Feb 2025,,,,,,,,,,,,,,,,,,,,,,,,,,,,,,,,
Fri 21st Feb 2025,,,,,,,,,,,,,,,,,,,,,,,,,,,,,,,,
Sat 22nd Feb 2025,,,,,,,,,,,,,,,,,,,,,,,,,,,,,,,,
Sun 23rd Feb 2025,,,,,,,,,,,,,,,,,,,,,,,,,,,,,,,,
Mon 24th Feb 2025,,,,,,,,,,,,,,,,,,,,,,,,,,,,,,,,
Tue 25th Feb 2025,,,,,,155,279,,,,,,,,,,,,,,,,,,,,,,,,,
Wed 26th Feb 2025,,,,,,155,355,,,,,,,,,,,,,,,,,,,,,,,,,
Thu 27th Feb 2025,,,,,,233,361,,,,,,,,,,,,,,,,,,,,,,,,,
Fri 28th Feb 2025,,,,,,846,349,,,,,,,,,,,,,,,,,,,,,,,,,
Sat 1st Mar 2025,,,,,,0,265,,,,,,,,,,,,,,,,,,,,,,,,,
Sun 2nd Mar 2025,,,,,,0,313,,,,,,,,,,,,,,,,,,,,,,,,,
Mon 3rd Mar 2025,,,,,,0,357,,,,,,,,,,,,,,,,,,,,,,,,,
Tue 4th Mar 2025,,,,,,99,301,138,,,,,,,,,,,,,,,,,,,,,,,,
Wed 5th Mar 2025,,,,,,,382,220,,,,,,,,,,,,,,,,,,,,,,,,
Thu 6th Mar 2025,,,,,,,344,210,,,,,,,,,,,,,,,,,,,,,,,,
Fri 7th Mar 2025,,,,,,,372,250,,,,,,,,,,,,,,,,,,,,,,,,
Sat 8th Mar 2025,,,,,,,330,168,,,,,,,,,,,,,,,,,,,,,,,,
Sun 9th Mar 2025,,,,,,,298,148,,,,,,,,,,,,,,,,,,,,,,,,
Mon 10th Mar 2025,,,,,,,366,279,,,,,,,,,,,,,,,,,,,,,,,,
Tue 11th Mar 2025,,,,,,,284,159,,,,,,,,,,,,,,,,,,,,,,,,
Wed 12th Mar 2025,,,,,,,366,261,,,,,,,,,,,,,,,,,,,,,,,,
Thu 13th Mar 2025,,,,,,,348,236,,,,,,,,,,,,,,,,,,,,,,,,
Fri 14th Mar 2025,,,,,,,297,244,,,,,,,,,,,,,,,,,,,,,,,,
Sat 15th Mar 2025,,,,,,,264,201,,,,,,,,,,,,,,,,,,,,,,,,
Sun 16th Mar 2025,,,,,,,55,24,,,,,,,,,,,,,,,,,,,,,,,,
Mon 17th Mar 2025,,,,,,,,,,,,,,,,,,,,,,,,,,,,,,,,
Tue 18th Mar 2025,,,,,,,,,,,,,,,,,,,,,,,,,,,,,,,,
Wed 19th Mar 2025,,,,,,,,,,,,,,,,,,,,,,,,,,,,,,,,
Thu 20th Mar 2025,,,,,,,,,,,,,,,,,,,,,,,,,,,,,,,,
Fri 21st Mar 2025,,,,,,,,,,,,,,,,,,,,,,,,,,,,,,,,
Sat 22nd Mar 2025,,,,,,,,,,,,,,,,,,,,,,,,,,,,,,,,
Sun 23rd Mar 2025,,,,,,,,,,,,,,,,,,,,,,,,,,,,,,,,
Mon 24th Mar 2025,,,,,,,,,,,,,,,,,,,,,,,,,,,,,,,,
Tue 25th Mar 2025,,,,,,,,,,,,,,,,,,,,,,,,,,,,,,,,
Wed 26th Mar 2025,,,,,,,,,,,,,,,,,,,,,,,,,,,,,,,,
Thu 27th Mar 2025,,,,,,,,,,,,,,,,,,,,,,,,,,,,,,,,
Fri 28th Mar 2025,,,,,,,,,,,,,,,,,,,,,,,,,,,,,,,,
Sat 29th Mar 2025,,,,,,,,,,,,,,,,,,,,,,,,,,,,,,,,
Sun 30th Mar 2025,,,,,,,,,,,,,,,,,,,,,,,,,,,,,,,,
Mon 31st Mar 2025,,,,,,,,,,,,,,,,,,,,,,,,,,,,,,,,
Tue 1st Apr 2025,,,,,,,,,,,,,,,,,,,,,,,,,,,,,,,,
Wed 2nd Apr 2025,,,,,,,,,,,,,,,,,,,,,,,,,,,,,,,,
Thu 3rd Apr 2025,,,,,,,,,,,,,,,,,,,,,,,,,,,,,,,,
Fri 4th Apr 2025,,,,,,,,,,,,,,,,,,,,,,,,,,,,,,,,
Sat 5th Apr 2025,,,,,,,,,,,,,,,,,,,,,,,,,,,,,,,,
Sun 6th Apr 2025,,,,,,,,,,,,,,,,,,,,,,,,,,,,,,,,
Mon 7th Apr 2025,,,,,,,,,,,,,,,,,,,,,,,,,,,,,,,,
Tue 8th Apr 2025,,,,,,,,,,,,,,,,,,,,,,,,,,,,,,,,
Wed 9th Apr 2025,,,,,,,,,,,,,,,,,,,,,,,,,,,,,,,,
Thu 10th Apr 2025,,,,,,,,,,,,,,,,,,,,,,,,,,,,,,,,
Fri 11th Apr 2025,,,,,,,,,,,,,,,,,,,,,,,,,,,,,,,,
Sat 12th Apr 2025,,,,,,,,,,,,,,,,,,,,,,,,,,,,,,,,
Sun 13th Apr 2025,,,,,,,,,,,,,,,,,,,,,,,,,,,,,,,,
Mon 14th Apr 2025,,,,,,,,,,,,,,,,,,,,,,,,,,,,,,,,
Tue 15th Apr 2025,,,,,,,,,,,,,,,,,,,,,,,,,,,,,,,,
Wed 16th Apr 2025,,,,,,,,,,,,,,,,,,,,,,,,,,,,,,,,
Thu 17th Apr 2025,,,,,,,,,,,,,,,,,,,,,,,,,,,,,,,,
Fri 18th Apr 2025,,,,,,,,,,,,,,,,,,,,,,,,,,,,,,,,
Sat 19th Apr 2025,,,,,,,,,,,,,,,,,,,,,,,,,,,,,,,,
Sun 20th Apr 2025,,,,,,,,,,,,,,,,,,,,,,,,,,,,,,,,
Mon 21st Apr 2025,,,,,,,,,,,,,,,,,,,,,,,,,,,,,,,,
Tue 22nd Apr 2025,,,,,,,,,,,,,,,,,,,,,,,,,,,,,,,,
Wed 23rd Apr 2025,,,,,,,,,,,,,,,,,,,,,,,,,,,,,,,,
Thu 24th Apr 2025,,,,,,,,,,,,,,,,,,,,,,,,,,,,,,,,
Fri 25th Apr 2025,,,,,,,,,,,,,,,,,,,,,,,,,,,,,,,,
Sat 26th Apr 2025,,,,,,,,,,,,,,,,,,,,,,,,,,,,,,,,
Sun 27th Apr 2025,,,,,,,,,,,,,,,,,,,,,,,,,,,,,,,,
Mon 28th Apr 2025,,,,,,,,,,,,,,,,,,,,,,,,,,,,,,,,
Tue 29th Apr 2025,,,,,,,,,,,,,,,,,,,,,,,,,,,,,,,,
Wed 30th Apr 2025,,,,,,,,,,,,,,,,,,,,,,,,,,,,,,,,
Thu 1st May 2025,,,,,,,,,,,,,,,,,,,,,,,,,,,,,,,,
Fri 2nd May 2025,,,,,,,,,,,,,,,,,,,,,,,,,,,,,,,,
Sat 3rd May 2025,,,,,,,,,,,,,,,,,,,,,,,,,,,,,,,,
Sun 4th May 2025,,,,,,,,,,,,,,,,,,,,,,,,,,,,,,,,
Mon 5th May 2025,,,,,,,,,,,,,,,,,,,,,,,,,,,,,,,,
Tue 6th May 2025,,,,,,,,,,,,,,,,,,,,,,,,,,,,,,,,
Wed 7th May 2025,,,,,,,,,,,,,,,,,,,,,,,,,,,,,,,,
Thu 8th May 2025,,,,,,,,,,,,,,,,,,,,,,,,,,,,,,,,
Fri 9th May 2025,,,,,,,,,,,,,,,,,,,,,,,,,,,,,,,,
Sat 10th May 2025,,,,,,,,,,,,,,,,,,,,,,,,,,,,,,,,
Sun 11th May 2025,,,,,,,,,,,,,,,,,,,,,,,,,,,,,,,,
Mon 12th May 2025,,,,,,,,,,,,,,,,,,,,,,,,,,,,,,,,
Tue 13th May 2025,,,,,,,,,,,,,,,,,,,,,,,,,,,,,,,,
Wed 14th May 2025,,,,,,,,,,,,,,,,,,,,,,,,,,,,,,,,
Thu 15th May 2025,,,,,,,,,,,,,,,,,,,,,,,,,,,,,,,,
Fri 16th May 2025,,,,,,,,,,,,,,,,,,,,,,,,,,,,,,,,
Sat 17th May 2025,,,,,,,,,,,,,,,,,,,,,,,,,,,,,,,,
Sun 18th May 2025,,,,,,,,,,,,,,,,,,,,,,,,,,,,,,,,
Mon 19th May 2025,,,,,,,,,,,,,,,,,,,,,,,,,,,,,,,,
Tue 20th May 2025,,,,,,,,,,,,,,,,,51,90,,,,,,,,,,,,,,
Wed 21st May 2025,,,,,,,,,,,,,,,,,,73,,,,,,,,,,,,,,
